﻿delete from CauThu
delete from DoiBong

insert into MuaGiai(MaMuaGiai, TenMuaGiai, SoLuongDoiThamDuToiDa)
values
('2019-2020', N'Giải vô địch bóng đá quốc gia mùa giải 2019-2020', 10)

insert into DoiBong(MaDoiBong, TenDoiBong, SanNha, GhiChu, DaXoa)
values
('DB01', N'Đội bóng 1', 'Sân nhà 1', 1, 0),
('DB02', N'Đội bóng 2', 'Sân nhà 2', 1, 0),
('DB03', N'Đội bóng 3', 'Sân nhà 3', 1, 0),
('DB04', N'Đội bóng 4', 'Sân nhà 4', 1, 0),
('DB05', N'Đội bóng 5', 'Sân nhà 5', 1, 0),
('DB06', N'Đội bóng 6', 'Sân nhà 6', 1, 0),
('DB07', N'Đội bóng 7', 'Sân nhà 7', 1, 0),
('DB08', N'Đội bóng 8', 'Sân nhà 8', 1, 0),
('DB09', N'Đội bóng 9', 'Sân nhà 9', 1, 0),
('DB10', N'Đội bóng 10', 'Sân nhà 10', 1, 0)

insert into CauThu(MaCauThu, HoTenCauThu, MaDoiBong)
values
('CT01', N'Cầu thủ 1', 'DB01'),
('CT02', N'Cầu thủ 2', 'DB01'),
('CT03', N'Cầu thủ 3', 'DB01'),
('CT04', N'Cầu thủ 4', 'DB01'),
('CT05', N'Cầu thủ 5', 'DB01'),
('CT06', N'Cầu thủ 6', 'DB01'),
('CT07', N'Cầu thủ 7', 'DB01'),
('CT08', N'Cầu thủ 8', 'DB01'),
('CT09', N'Cầu thủ 9', 'DB01'),
('CT10', N'Cầu thủ 10', 'DB01'),
('CT11', N'Cầu thủ 11', 'DB01'),
('CT12', N'Cầu thủ 12', 'DB01'),
('CT13', N'Cầu thủ 13', 'DB01'),
('CT14', N'Cầu thủ 14', 'DB01'),
('CT15', N'Cầu thủ 15', 'DB01'),
('CT16', N'Cầu thủ 16', 'DB01'),
('CT17', N'Cầu thủ 17', 'DB01'),
('CT18', N'Cầu thủ 18', 'DB01'),
('CT19', N'Cầu thủ 19', 'DB01'),
('CT20', N'Cầu thủ 20', 'DB01'),
('CT21', N'Cầu thủ 21', 'DB02'),
('CT22', N'Cầu thủ 22', 'DB02'),
('CT23', N'Cầu thủ 23', 'DB02'),
('CT24', N'Cầu thủ 24', 'DB02'),
('CT25', N'Cầu thủ 25', 'DB02'),
('CT26', N'Cầu thủ 26', 'DB02'),
('CT27', N'Cầu thủ 27', 'DB02'),
('CT28', N'Cầu thủ 28', 'DB02'),
('CT29', N'Cầu thủ 29', 'DB02'),
('CT30', N'Cầu thủ 30', 'DB02'),
('CT31', N'Cầu thủ 31', 'DB02'),
('CT32', N'Cầu thủ 32', 'DB02'),
('CT33', N'Cầu thủ 33', 'DB02'),
('CT34', N'Cầu thủ 34', 'DB02'),
('CT35', N'Cầu thủ 35', 'DB02'),
('CT36', N'Cầu thủ 36', 'DB02'),
('CT37', N'Cầu thủ 37', 'DB02'),
('CT38', N'Cầu thủ 38', 'DB02'),
('CT39', N'Cầu thủ 39', 'DB02'),
('CT40', N'Cầu thủ 40', 'DB02'),
('CT41', N'Cầu thủ 41', 'DB03'),
('CT42', N'Cầu thủ 42', 'DB03'),
('CT43', N'Cầu thủ 43', 'DB03'),
('CT44', N'Cầu thủ 44', 'DB03'),
('CT45', N'Cầu thủ 45', 'DB03'),
('CT46', N'Cầu thủ 46', 'DB03'),
('CT47', N'Cầu thủ 47', 'DB03'),
('CT48', N'Cầu thủ 48', 'DB03'),
('CT49', N'Cầu thủ 49', 'DB03'),
('CT50', N'Cầu thủ 50', 'DB03'),
('CT51', N'Cầu thủ 51', 'DB03'),
('CT52', N'Cầu thủ 52', 'DB03'),
('CT53', N'Cầu thủ 53', 'DB03'),
('CT54', N'Cầu thủ 54', 'DB03'),
('CT55', N'Cầu thủ 55', 'DB03'),
('CT56', N'Cầu thủ 56', 'DB03'),
('CT57', N'Cầu thủ 57', 'DB03'),
('CT58', N'Cầu thủ 58', 'DB03'),
('CT59', N'Cầu thủ 59', 'DB03'),
('CT60', N'Cầu thủ 60', 'DB03'),
('CT61', N'Cầu thủ 61', 'DB04'),
('CT62', N'Cầu thủ 62', 'DB04'),
('CT63', N'Cầu thủ 63', 'DB04'),
('CT64', N'Cầu thủ 64', 'DB04'),
('CT65', N'Cầu thủ 65', 'DB04'),
('CT66', N'Cầu thủ 66', 'DB04'),
('CT67', N'Cầu thủ 67', 'DB04'),
('CT68', N'Cầu thủ 68', 'DB04'),
('CT69', N'Cầu thủ 69', 'DB04'),
('CT70', N'Cầu thủ 70', 'DB04'),
('CT71', N'Cầu thủ 71', 'DB04'),
('CT72', N'Cầu thủ 72', 'DB04'),
('CT73', N'Cầu thủ 73', 'DB04'),
('CT74', N'Cầu thủ 74', 'DB04'),
('CT75', N'Cầu thủ 75', 'DB04'),
('CT76', N'Cầu thủ 76', 'DB04'),
('CT77', N'Cầu thủ 77', 'DB04'),
('CT78', N'Cầu thủ 78', 'DB04'),
('CT79', N'Cầu thủ 79', 'DB04'),
('CT80', N'Cầu thủ 80', 'DB04'),
('CT81', N'Cầu thủ 81', 'DB05'),
('CT82', N'Cầu thủ 82', 'DB05'),
('CT83', N'Cầu thủ 83', 'DB05'),
('CT84', N'Cầu thủ 84', 'DB05'),
('CT85', N'Cầu thủ 85', 'DB05'),
('CT86', N'Cầu thủ 86', 'DB05'),
('CT87', N'Cầu thủ 87', 'DB05'),
('CT88', N'Cầu thủ 88', 'DB05'),
('CT89', N'Cầu thủ 89', 'DB05'),
('CT90', N'Cầu thủ 90', 'DB05'),
('CT91', N'Cầu thủ 91', 'DB05'),
('CT92', N'Cầu thủ 92', 'DB05'),
('CT93', N'Cầu thủ 93', 'DB05'),
('CT94', N'Cầu thủ 94', 'DB05'),
('CT95', N'Cầu thủ 95', 'DB05'),
('CT96', N'Cầu thủ 96', 'DB05'),
('CT97', N'Cầu thủ 97', 'DB05'),
('CT98', N'Cầu thủ 98', 'DB05'),
('CT99', N'Cầu thủ 99', 'DB05'),
('CT100', N'Cầu thủ 100', 'DB05'),
('CT101', N'Cầu thủ 101', 'DB06'),
('CT102', N'Cầu thủ 102', 'DB06'),
('CT103', N'Cầu thủ 103', 'DB06'),
('CT104', N'Cầu thủ 104', 'DB06'),
('CT105', N'Cầu thủ 105', 'DB06'),
('CT106', N'Cầu thủ 106', 'DB06'),
('CT107', N'Cầu thủ 107', 'DB06'),
('CT108', N'Cầu thủ 108', 'DB06'),
('CT109', N'Cầu thủ 109', 'DB06'),
('CT110', N'Cầu thủ 100', 'DB06'),
('CT111', N'Cầu thủ 111', 'DB06'),
('CT112', N'Cầu thủ 112', 'DB06'),
('CT113', N'Cầu thủ 113', 'DB06'),
('CT114', N'Cầu thủ 114', 'DB06'),
('CT115', N'Cầu thủ 115', 'DB06'),
('CT116', N'Cầu thủ 116', 'DB06'),
('CT117', N'Cầu thủ 117', 'DB06'),
('CT118', N'Cầu thủ 118', 'DB06'),
('CT119', N'Cầu thủ 119', 'DB06'),
('CT120', N'Cầu thủ 120', 'DB06'),
('CT121', N'Cầu thủ 121', 'DB07'),
('CT122', N'Cầu thủ 122', 'DB07'),
('CT123', N'Cầu thủ 123', 'DB07'),
('CT124', N'Cầu thủ 124', 'DB07'),
('CT125', N'Cầu thủ 125', 'DB07'),
('CT126', N'Cầu thủ 126', 'DB07'),
('CT127', N'Cầu thủ 127', 'DB07'),
('CT128', N'Cầu thủ 128', 'DB07'),
('CT129', N'Cầu thủ 129', 'DB07'),
('CT130', N'Cầu thủ 130', 'DB07'),
('CT131', N'Cầu thủ 131', 'DB07'),
('CT132', N'Cầu thủ 132', 'DB07'),
('CT133', N'Cầu thủ 133', 'DB07'),
('CT134', N'Cầu thủ 134', 'DB07'),
('CT135', N'Cầu thủ 135', 'DB07'),
('CT136', N'Cầu thủ 136', 'DB07'),
('CT137', N'Cầu thủ 137', 'DB07'),
('CT138', N'Cầu thủ 138', 'DB07'),
('CT139', N'Cầu thủ 139', 'DB07'),
('CT140', N'Cầu thủ 140', 'DB07'),
('CT141', N'Cầu thủ 141', 'DB08'),
('CT142', N'Cầu thủ 142', 'DB08'),
('CT143', N'Cầu thủ 143', 'DB08'),
('CT144', N'Cầu thủ 144', 'DB08'),
('CT145', N'Cầu thủ 145', 'DB08'),
('CT146', N'Cầu thủ 146', 'DB08'),
('CT147', N'Cầu thủ 147', 'DB08'),
('CT148', N'Cầu thủ 148', 'DB08'),
('CT149', N'Cầu thủ 149', 'DB08'),
('CT150', N'Cầu thủ 150', 'DB08'),
('CT151', N'Cầu thủ 151', 'DB08'),
('CT152', N'Cầu thủ 152', 'DB08'),
('CT153', N'Cầu thủ 153', 'DB08'),
('CT154', N'Cầu thủ 154', 'DB08'),
('CT155', N'Cầu thủ 155', 'DB08'),
('CT156', N'Cầu thủ 156', 'DB08'),
('CT157', N'Cầu thủ 157', 'DB08'),
('CT158', N'Cầu thủ 158', 'DB08'),
('CT159', N'Cầu thủ 159', 'DB08'),
('CT160', N'Cầu thủ 160', 'DB08'),
('CT161', N'Cầu thủ 161', 'DB09'),
('CT162', N'Cầu thủ 162', 'DB09'),
('CT163', N'Cầu thủ 163', 'DB09'),
('CT164', N'Cầu thủ 164', 'DB09'),
('CT165', N'Cầu thủ 165', 'DB09'),
('CT166', N'Cầu thủ 166', 'DB09'),
('CT167', N'Cầu thủ 167', 'DB09'),
('CT168', N'Cầu thủ 168', 'DB09'),
('CT169', N'Cầu thủ 169', 'DB09'),
('CT170', N'Cầu thủ 170', 'DB09'),
('CT171', N'Cầu thủ 171', 'DB09'),
('CT172', N'Cầu thủ 172', 'DB09'),
('CT173', N'Cầu thủ 173', 'DB09'),
('CT174', N'Cầu thủ 174', 'DB09'),
('CT175', N'Cầu thủ 175', 'DB09'),
('CT176', N'Cầu thủ 176', 'DB09'),
('CT177', N'Cầu thủ 177', 'DB09'),
('CT178', N'Cầu thủ 178', 'DB09'),
('CT179', N'Cầu thủ 179', 'DB09'),
('CT180', N'Cầu thủ 180', 'DB09'),
('CT181', N'Cầu thủ 181', 'DB10'),
('CT182', N'Cầu thủ 182', 'DB10'),
('CT183', N'Cầu thủ 183', 'DB10'),
('CT184', N'Cầu thủ 184', 'DB10'),
('CT185', N'Cầu thủ 185', 'DB10'),
('CT186', N'Cầu thủ 186', 'DB10'),
('CT187', N'Cầu thủ 187', 'DB10'),
('CT188', N'Cầu thủ 188', 'DB10'),
('CT189', N'Cầu thủ 189', 'DB10'),
('CT190', N'Cầu thủ 190', 'DB10'),
('CT191', N'Cầu thủ 191', 'DB10'),
('CT192', N'Cầu thủ 192', 'DB10'),
('CT193', N'Cầu thủ 193', 'DB10'),
('CT194', N'Cầu thủ 194', 'DB10'),
('CT195', N'Cầu thủ 195', 'DB10'),
('CT196', N'Cầu thủ 196', 'DB10'),
('CT197', N'Cầu thủ 197', 'DB10'),
('CT198', N'Cầu thủ 198', 'DB10'),
('CT199', N'Cầu thủ 199', 'DB10'),
('CT200', N'Cầu thủ 200', 'DB10')


insert into LoaiCauThu(MaLoaiCauThu, TenLoaiCauThu)
values
(1, N'Việt Nam'),
(2, N'Nước ngoài')

update CauThu set DaXoa = 0